TITLE,TIME,URL,TITLE
"Thumbs Up For One Speculative Stock, Thumbs Down For Another - Cramer's Lightning Round (8/2/17)","Thu, Aug. 3, 5:05 AM",https://seekingalpha.com/article/4094013-thumbs-one-speculative-stock-thumbs-another-cramers-lightning-round-8-2-17
Ulta Beauty Is A Good Stock - Cramer's Lightning Round (7/31/17),"Tue, Aug. 1, 6:37 AM",https://seekingalpha.com/article/4092987-ulta-beauty-good-stock-cramers-lightning-round-7-31-17
Freeport-McMoRan Has Bottomed At $12 - Cramer's Lightning Round (7/27/17),"Fri, Jul. 28, 7:27 AM",https://seekingalpha.com/article/4091775-freeport-mcmoran-bottomed-12-cramers-lightning-round-7-27-17
Stay With Schwab - Cramer's Lightning Round (7/26/17),"Thu, Jul. 27, 3:16 AM",https://seekingalpha.com/article/4091084-stay-schwab-cramers-lightning-round-7-26-17
Valeant Can Go To $20 - Cramer's Lightning Round (7/25/17),"Wed, Jul. 26, 6:50 AM",https://seekingalpha.com/article/4090554-valeant-can-go-20-cramers-lightning-round-7-25-17
Qualcomm Should Pay More For NXP Semiconductors - Cramer's Lightning Round (7/24/17),"Tue, Jul. 25, 5:07 AM",https://seekingalpha.com/article/4090071-qualcomm-pay-nxp-semiconductors-cramers-lightning-round-7-24-17
BlackBerry Is Correctly Priced - Cramer's Lightning Round (7/20/17),"Fri, Jul. 21, 6:55 AM",https://seekingalpha.com/article/4089325-blackberry-correctly-priced-cramers-lightning-round-7-20-17
Cypress Semiconductor Will Go To $17 - Cramer's Lightning Round (7/19/17),"Thu, Jul. 20, 6:40 AM",https://seekingalpha.com/article/4088942-cypress-semiconductor-will-go-17-cramers-lightning-round-7-19-17
Chegg Is Not Done Going Up - Cramer's Lightning Round (7/18/17),"Wed, Jul. 19, 6:55 AM",https://seekingalpha.com/article/4088624-chegg-done-going-cramers-lightning-round-7-18-17
Tableau Software Is On Fire - Cramer's Lightning Round (7/17/17),"Tue, Jul. 18, 6:36 AM",https://seekingalpha.com/article/4088332-tableau-software-fire-cramers-lightning-round-7-17-17
Bank Of Montreal Is A Good Conservative Bank - Cramer's Lightning Round (7/13/17),"Fri, Jul. 14, 6:54 AM",https://seekingalpha.com/article/4087687-bank-montreal-good-conservative-bank-cramers-lightning-round-7-13-17
Hold On To Starbucks - Cramer's Lightning Round (7/12/17),"Thu, Jul. 13, 6:49 AM",https://seekingalpha.com/article/4087437-hold-starbucks-cramers-lightning-round-7-12-17
Disney Is A Long-Term Buy - Cramer's Lightning Round (7/11/17),"Wed, Jul. 12, 6:34 AM",https://seekingalpha.com/article/4087127-disney-long-term-buy-cramers-lightning-round-7-11-17
Raytheon Has A Lot Of Upside - Cramer's Lightning Round (7/10/17),"Tue, Jul. 11, 6:01 AM",https://seekingalpha.com/article/4086837-raytheon-lot-upside-cramers-lightning-round-7-10-17
NovoCure Is A Buy - Cramer's Lightning Round (7/7/17),"Mon, Jul. 10, 5:37 AM",https://seekingalpha.com/article/4086508-novocure-buy-cramers-lightning-round-7-7-17
PepsiCo Is A Buy - Cramer's Lightning Round (7/6/17),"Fri, Jul. 7, 6:23 AM",https://seekingalpha.com/article/4086228-pepsico-buy-cramers-lightning-round-7-6-17
Parker-Hannifin Can Reach $200 - Cramer's Lightning Round (7/5/17),"Thu, Jul. 6, 6:33 AM",https://seekingalpha.com/article/4085993-parker-hannifin-can-reach-200-cramers-lightning-round-7-5-17
Nutanix Is Undervalued - Cramer's Lightning Round (6/23/17),"Mon, Jun. 26, 5:50 AM",https://seekingalpha.com/article/4083815-nutanix-undervalued-cramers-lightning-round-6-23-17
Buy Hasbro At $110 - Cramer's Lightning Round (6/22/17),"Fri, Jun. 23, 7:20 AM",https://seekingalpha.com/article/4083468-buy-hasbro-110-cramers-lightning-round-6-22-17
TG Therapeutics Is A Buy - Cramer's Lightning Round (6/21/17),"Thu, Jun. 22, 6:29 AM",https://seekingalpha.com/article/4083120-tg-therapeutics-buy-cramers-lightning-round-6-21-17
Smart & Final Cannot Compete With Amazon - Cramer's Lightning Round (6/20/17),"Wed, Jun. 21, 6:28 AM",https://seekingalpha.com/article/4082811-smart-and-final-compete-amazon-cramers-lightning-round-6-20-17
AT&T Has Growth And Dividend - Cramer's Lightning Round (6/19/17),"Tue, Jun. 20, 6:40 AM",https://seekingalpha.com/article/4082555-t-growth-dividend-cramers-lightning-round-6-19-17
Chipotle Is A Buy - Cramer's Lightning Round (6/16/17),"Mon, Jun. 19, 6:51 AM",https://seekingalpha.com/article/4082261-chipotle-buy-cramers-lightning-round-6-16-17
Michael Kors Is A Loser - Cramer's Lightning Round (6/15/17),"Fri, Jun. 16, 7:27 AM",https://seekingalpha.com/article/4081898-michael-kors-loser-cramers-lightning-round-6-15-17
Buy Berkshire Hathaway - Cramer's Lightning Round (6/14/17),"Thu, Jun. 15, 7:37 AM",https://seekingalpha.com/article/4081605-buy-berkshire-hathaway-cramers-lightning-round-6-14-17
Don't Sell Domino's - Cramer's Lightning Round (6/13/17),"Wed, Jun. 14, 6:44 AM",https://seekingalpha.com/article/4081311-sell-dominos-cramers-lightning-round-6-13-17
Charles Schwab Will Go Up With Higher Interest Rates - Cramer's Lightning Round (6/12/17),"Tue, Jun. 13, 6:50 AM",https://seekingalpha.com/article/4081017-charles-schwab-will-go-higher-interest-rates-cramers-lightning-round-6-12-17
Skechers Is Inexpensive - Cramer's Lightning Round (6/9/17),"Mon, Jun. 12, 6:51 AM",https://seekingalpha.com/article/4080687-skechers-inexpensive-cramers-lightning-round-6-9-17
The Move In BlackBerry Is Done - Cramer's Lightning Round (6/8/17),"Fri, Jun. 9, 7:28 AM",https://seekingalpha.com/article/4080225-move-blackberry-done-cramers-lightning-round-6-8-17
Xerox Has No Positive Catalysts - Cramer's Lightning Round (6/7/17),"Thu, Jun. 8, 6:32 AM",https://seekingalpha.com/article/4079829-xerox-positive-catalysts-cramers-lightning-round-6-7-17
Teladoc Is Heavily Shorted - Cramer's Lightning Round (6/6/17),"Wed, Jun. 7, 6:40 AM",https://seekingalpha.com/article/4079423-teladoc-heavily-shorted-cramers-lightning-round-6-6-17
Charles River Laboratories Is A Good Buy - Cramer's Lightning Round (6/2/17),"Mon, Jun. 5, 7:10 AM",https://seekingalpha.com/article/4078655-charles-river-laboratories-good-buy-cramers-lightning-round-6-2-17
Yahoo Is Worth More In Parts - Cramer's Lightning Round (5/31/17),"Thu, Jun. 1, 7:15 AM",https://seekingalpha.com/article/4077960-yahoo-worth-parts-cramers-lightning-round-5-31-17
Square Has A Good Product - Cramer's Lightning Round (5/30/17),"Wed, May 31, 7:09 AM",https://seekingalpha.com/article/4077563-square-good-product-cramers-lightning-round-5-30-17
Dover Is A Great American Company - Cramer's Lightning Round (5/25/17),"Fri, May 26, 6:57 AM",https://seekingalpha.com/article/4076766-dover-great-american-company-cramers-lightning-round-5-25-17
Foot Locker Has Upside - Cramer's Lightning Round (5/24/17),"Thu, May 25, 6:36 AM",https://seekingalpha.com/article/4076376-foot-locker-upside-cramers-lightning-round-5-24-17
Buy eBay - Cramer's Lightning Round (5/23/17),"Wed, May 24, 6:00 AM",https://seekingalpha.com/article/4075992-buy-ebay-cramers-lightning-round-5-23-17
Don't Give Up On Splunk - Cramer's Lightning Round (5/22/17),"Tue, May 23, 6:07 AM",https://seekingalpha.com/article/4075544-give-splunk-cramers-lightning-round-5-22-17
Gilead Should Buy Incyte - Cramer's Lightning Round (5/19/17),"Mon, May 22, 7:30 AM",https://seekingalpha.com/article/4075131-gilead-buy-incyte-cramers-lightning-round-5-19-17
Walgreens Boots Alliance Is A Win-Win - Cramer's Lightning Round (5/18/17),"Fri, May 19, 6:03 AM",https://seekingalpha.com/article/4074619-walgreens-boots-alliance-win-win-cramers-lightning-round-5-18-17
Chinese Companies Are Speculative - Cramer's Lightning Round (5/17/17),"Thu, May 18, 6:23 AM",https://seekingalpha.com/article/4074297-chinese-companies-speculative-cramers-lightning-round-5-17-17
Gilead Sciences Is A Value Trap - Cramer's Lightning Round (5/5/17),"Mon, May 8, 6:25 AM",https://seekingalpha.com/article/4070384-gilead-sciences-value-trap-cramers-lightning-round-5-5-17
Hold On To Altria - Cramer's Lightning Round (5/4/17),"Fri, May 5, 7:27 AM",https://seekingalpha.com/article/4069578-hold-altria-cramers-lightning-round-5-4-17
Consider Exact Sciences On A Pullback - Cramer's Lightning Round (5/3/17),"Thu, May 4, 2:05 AM",https://seekingalpha.com/article/4068841-consider-exact-sciences-pullback-cramers-lightning-round-5-3-17
"Patience With Schlumberger, Skyworks - Cramer's Lightning Round (5/2/17)","Wed, May 3, 1:07 AM",https://seekingalpha.com/article/4068194-patience-schlumberger-skyworks-cramers-lightning-round-5-2-17
Alaska Air Is A Good Buy - Cramer's Lightning Round (5/1/17),"Tue, May 2, 6:53 AM",https://seekingalpha.com/article/4067702-alaska-air-good-buy-cramers-lightning-round-5-1-17
Go To Comcast - Cramer's Lightning Round (4/28/17),"Mon, May 1, 6:59 AM",https://seekingalpha.com/article/4067337-go-comcast-cramers-lightning-round-4-28-17
Nucor Is The Best Steel Stock - Cramer's Lightning Round (4/27/17),"Fri, Apr. 28, 7:20 AM",https://seekingalpha.com/article/4066604-nucor-best-steel-stock-cramers-lightning-round-4-27-17
Wingstop Over B-Dubs - Cramer's Lightning Round (4/26/17),"Thu, Apr. 27, 4:37 AM",https://seekingalpha.com/article/4065803-wingstop-b-dubs-cramers-lightning-round-4-26-17
Buy Bank Of America - Cramer's Lightning Round (4/25/17),"Wed, Apr. 26, 6:40 AM",https://seekingalpha.com/article/4065355-buy-bank-america-cramers-lightning-round-4-25-17
Southwest Airlines Is Favorite - Cramer's Lightning Round (4/24/2017),"Tue, Apr. 25, 6:18 AM",https://seekingalpha.com/article/4064818-southwest-airlines-favorite-cramers-lightning-round-4-24-2017
Blackstone Is A Buy - Cramer's Lightning Round (4/21/2017),"Mon, Apr. 24, 6:22 AM",https://seekingalpha.com/article/4064499-blackstone-buy-cramers-lightning-round-4-21-2017
Wait For Twitter's Earnings - Cramer's Lightning Round (4/20/2017),"Fri, Apr. 21, 7:21 AM",https://seekingalpha.com/article/4064059-wait-twitters-earnings-cramers-lightning-round-4-20-2017
Don't Sell Mondelez International - Cramer's Lightning Round (4/19/2017),"Thu, Apr. 20, 6:35 AM",https://seekingalpha.com/article/4063659-sell-mondelez-international-cramers-lightning-round-4-19-2017
It's Tough To Bet Against General Mills - Cramer's Lightning Round (4/13/2017),"Fri, Apr. 14, 5:58 AM",https://seekingalpha.com/article/4062437-tough-bet-general-mills-cramers-lightning-round-4-13-2017
Scotts Miracle-Gro Is Showing Strength - Cramer's Lightning Round (4/12/2017),"Thu, Apr. 13, 6:49 AM",https://seekingalpha.com/article/4062187-scotts-miracle-gro-showing-strength-cramers-lightning-round-4-12-2017
Buy Skyworks Solutions After Analyst Downgrade - Cramer's Lightning Round (4/11/2017),"Wed, Apr. 12, 7:06 AM",https://seekingalpha.com/article/4061904-buy-skyworks-solutions-analyst-downgrade-cramers-lightning-round-4-11-2017
Alibaba Is Inexpensive Considering Its Growth Rate - Cramer's Lightning Round (4/10/2017),"Tue, Apr. 11, 6:09 AM",https://seekingalpha.com/article/4061642-alibaba-inexpensive-considering-growth-rate-cramers-lightning-round-4-10-2017
Don't Bet Against Don Wood - Cramer's Lightning Round (4/7/2017),"Mon, Apr. 10, 7:17 AM",https://seekingalpha.com/article/4061381-bet-don-wood-cramers-lightning-round-4-7-2017
Cramer Believes In Twilio - Cramer's Lightning Round (4/6/2017),"Fri, Apr. 7, 5:57 AM",https://seekingalpha.com/article/4060988-cramer-believes-twilio-cramers-lightning-round-4-6-2017
Zions Bancorp Is A Buy - Cramer's Lightning Round (4/5/2017),"Thu, Apr. 6, 6:08 AM",https://seekingalpha.com/article/4060692-zions-bancorp-buy-cramers-lightning-round-4-5-2017
TherapeuticsMD Should Go Up - Cramer's Lightning Round (4/4/2017),"Wed, Apr. 5, 6:57 AM",https://seekingalpha.com/article/4060375-therapeuticsmd-go-cramers-lightning-round-4-4-2017
Verizon Is A Buy - Cramer's Lightning Round (4/3/2017),"Tue, Apr. 4, 6:52 AM",https://seekingalpha.com/article/4060060-verizon-buy-cramers-lightning-round-4-3-2017
Berkshire Hathaway Going Down Is An Opportunity To Buy - Cramer's Lightning Round (3/31/2017),"Mon, Apr. 3, 6:36 AM",https://seekingalpha.com/article/4059688-berkshire-hathaway-going-opportunity-buy-cramers-lightning-round-3-31-2017
NXP Semiconductors Should Go Higher - Cramer's Lightning Round (3/30/2017),"Fri, Mar. 31, 7:01 AM",https://seekingalpha.com/article/4059370-nxp-semiconductors-go-higher-cramers-lightning-round-3-30-2017
Schlumberger Is A Buy - Cramer's Lightning Round (3/29/2017),"Thu, Mar. 30, 6:40 AM",https://seekingalpha.com/article/4059047-schlumberger-buy-cramers-lightning-round-3-29-2017
Raytheon Is A Buy - Cramer's Lightning Round (3/28/2017),"Wed, Mar. 29, 6:32 AM",https://seekingalpha.com/article/4058741-raytheon-buy-cramers-lightning-round-3-28-2017
Nucor Is The Steel Company To Buy - Cramer's Lightning Round (3/27/17),"Tue, Mar. 28, 6:50 AM",https://seekingalpha.com/article/4058393-nucor-steel-company-buy-cramers-lightning-round-3-27-17
Enbridge Energy Partners' Yield Is A Red Flag - Cramer's Lightning Round (3/24/17),"Mon, Mar. 27, 7:00 AM",https://seekingalpha.com/article/4058054-enbridge-energy-partners-yield-red-flag-cramers-lightning-round-3-24-17
It's Tough To Own Ford - Cramer's Lightning Round (3/23/17),"Fri, Mar. 24, 7:19 AM",https://seekingalpha.com/article/4057691-tough-ford-cramers-lightning-round-3-23-17
Hershey Will Go Higher - Cramer's Lightning Round (3/22/17),"Thu, Mar. 23, 6:26 AM",https://seekingalpha.com/article/4057344-hershey-will-go-higher-cramers-lightning-round-3-22-17
Delta Air Lines Is Cheap - Cramer's Lightning Round (3/17/17),"Mon, Mar. 20, 7:37 AM",https://seekingalpha.com/article/4056427-delta-air-lines-cheap-cramers-lightning-round-3-17-17
Wells Fargo Is A Buy - Cramer's Lightning Round (3/16/17),"Fri, Mar. 17, 6:32 AM",https://seekingalpha.com/article/4056073-wells-fargo-buy-cramers-lightning-round-3-16-17
Don't Buy Tableau Software - Cramer's Lightning Round (3/15/17),"Thu, Mar. 16, 7:15 AM",https://seekingalpha.com/article/4055697-buy-tableau-software-cramers-lightning-round-3-15-17
Seattle Genetics Is Too High To Be Bought - Cramer's Lightning Round (3/14/17),"Wed, Mar. 15, 6:14 AM",https://seekingalpha.com/article/4055290-seattle-genetics-high-bought-cramers-lightning-round-3-14-17
AbbVie And Abbott Are Good Stocks - Cramer's Lightning Round (3/13/17),"Tue, Mar. 14, 6:24 AM",https://seekingalpha.com/article/4054811-abbvie-abbott-good-stocks-cramers-lightning-round-3-13-17
Rite Aid Might Go Lower Than $4 - Cramer's Lightning Round (3/10/17),"Mon, Mar. 13, 6:33 AM",https://seekingalpha.com/article/4054474-rite-aid-might-go-lower-4-cramers-lightning-round-3-10-17
Don't Buy Macy's - Cramer's Lightning Round (3/9/17),"Fri, Mar. 10, 7:03 AM",https://seekingalpha.com/article/4054060-buy-macys-cramers-lightning-round-3-9-17
Hot Money Has To Get Out Of Nvidia - Cramer's Lightning Round (3/8/17),"Thu, Mar. 9, 6:43 AM",https://seekingalpha.com/article/4053608-hot-money-get-nvidia-cramers-lightning-round-3-8-17
TreeHouse Foods Is A Good Buy - Cramer's Lightning Round (3/7/17),"Wed, Mar. 8, 6:52 AM",https://seekingalpha.com/article/4053057-treehouse-foods-good-buy-cramers-lightning-round-3-7-17
AT&T Is A Buy - Cramer's Lightning Round (3/6/17),"Tue, Mar. 7, 6:43 AM",https://seekingalpha.com/article/4052582-t-buy-cramers-lightning-round-3-6-17
Buy AMD At $12.25 - Cramer's Lightning Round (3/3/17),"Mon, Mar. 6, 6:43 AM",https://seekingalpha.com/article/4052242-buy-amd-12_25-cramers-lightning-round-3-3-17
Don't Buy ZTO Express - Cramer's Lightning Round (3/2/17),"Fri, Mar. 3, 7:13 AM",https://seekingalpha.com/article/4051795-buy-zto-express-cramers-lightning-round-3-2-17
Buy Cisco Instead Of FireEye - Cramer's Lightning Round (3/1/17),"Thu, Mar. 2, 6:58 AM",https://seekingalpha.com/article/4051398-buy-cisco-instead-fireeye-cramers-lightning-round-3-1-17
NetApp Can Go Higher - Cramer's Lightning Round (2/28/17),"Wed, Mar. 1, 7:25 AM",https://seekingalpha.com/article/4050886-netapp-can-go-higher-cramers-lightning-round-2-28-17
Texas Instruments Is Inexpensive - Cramer's Lightning Round (2/27/17),"Tue, Feb. 28, 6:59 AM",https://seekingalpha.com/article/4050329-texas-instruments-inexpensive-cramers-lightning-round-2-27-17
Cisco Is A Strong Play In Cybersecurity - Cramer's Lightning Round (2/24/17),"Mon, Feb. 27, 6:58 AM",https://seekingalpha.com/article/4049955-cisco-strong-play-cybersecurity-cramers-lightning-round-2-24-17
Don't Buy Kellogg - Cramer's Lightning Round (2/23/17),"Fri, Feb. 24, 7:19 AM",https://seekingalpha.com/article/4049305-buy-kellogg-cramers-lightning-round-2-23-17
Incyte Is Undervalued - Cramer's Lightning Round (2/22/17),"Thu, Feb. 23, 5:18 AM",https://seekingalpha.com/article/4048720-incyte-undervalued-cramers-lightning-round-2-22-17
Micron Technology Is A Cheap Stock - Cramer's Lightning Round (2/16/17),"Fri, Feb. 17, 7:16 AM",https://seekingalpha.com/article/4047095-micron-technology-cheap-stock-cramers-lightning-round-2-16-17
Hershey Is A Long-Term Buy - Cramer's Lightning Round (2/15/17),"Thu, Feb. 16, 6:54 AM",https://seekingalpha.com/article/4046587-hershey-long-term-buy-cramers-lightning-round-2-15-17
Buy Nucor - Cramer's Lightning Round (2/14/17),"Wed, Feb. 15, 7:06 AM",https://seekingalpha.com/article/4046128-buy-nucor-cramers-lightning-round-2-14-17
Buy Schlumberger At $81 - Cramer's Lightning Round (2/13/17),"Tue, Feb. 14, 7:06 AM",https://seekingalpha.com/article/4045657-buy-schlumberger-81-cramers-lightning-round-2-13-17
United States Steel Is Ready To Run - Cramer's Lightning Round (2/10/17),"Mon, Feb. 13, 6:33 AM",https://seekingalpha.com/article/4045273-united-states-steel-ready-run-cramers-lightning-round-2-10-17
Dow Chemical Is Inexpensive - Cramer's Lightning Round (2/9/17),"Fri, Feb. 10, 6:52 AM",https://seekingalpha.com/article/4044760-dow-chemical-inexpensive-cramers-lightning-round-2-9-17
BlackRock Keeps Making Money For Investors - Cramer's Lightning Round (2/8/17),"Thu, Feb. 9, 6:26 AM",https://seekingalpha.com/article/4044195-blackrock-keeps-making-money-investors-cramers-lightning-round-2-8-17
Buy Amgen On Weakness - Cramer's Lightning Round (2/7/17),"Wed, Feb. 8, 6:37 AM",https://seekingalpha.com/article/4043703-buy-amgen-weakness-cramers-lightning-round-2-7-17
Don't Buy Rite Aid - Cramer's Lightning Round (2/6/17),"Tue, Feb. 7, 6:34 AM",https://seekingalpha.com/article/4043210-buy-rite-aid-cramers-lightning-round-2-6-17
Book Profits On Cliffs Natural Resources - Cramer's Lightning Round (2/3/17),"Mon, Feb. 6, 7:10 AM",https://seekingalpha.com/article/4042863-book-profits-cliffs-natural-resources-cramers-lightning-round-2-3-17
Dominion Resources Is A Buy - Cramer's Lightning Round (2/2/17),"Fri, Feb. 3, 7:27 AM",https://seekingalpha.com/article/4042391-dominion-resources-buy-cramers-lightning-round-2-2-17
Sanchez Energy Is A Buy - Cramer's Lightning Round (2/1/17),"Thu, Feb. 2, 5:46 AM",https://seekingalpha.com/article/4041807-sanchez-energy-buy-cramers-lightning-round-2-1-17
Buy UnitedHealthcare - Cramer's Lightning Round (1/31/17),"Wed, Feb. 1, 7:19 AM",https://seekingalpha.com/article/4041371-buy-unitedhealthcare-cramers-lightning-round-1-31-17
Cisco Is A Buy - Cramer's Lightning Round (1/30/17),"Tue, Jan. 31, 6:17 AM",https://seekingalpha.com/article/4040895-cisco-buy-cramers-lightning-round-1-30-17
Allergan Is A Cheap Stock - Cramer's Lightning Round (1/27/17),"Mon, Jan. 30, 7:17 AM",https://seekingalpha.com/article/4040562-allergan-cheap-stock-cramers-lightning-round-1-27-17
AmerisourceBergen Is Not A Trump Stock - Cramer's Lightning Round (1/26/17),"Fri, Jan. 27, 7:04 AM",https://seekingalpha.com/article/4040060-amerisourcebergen-trump-stock-cramers-lightning-round-1-26-17
No Fan Of Fitbit - Cramer's Lightning Round (1/23/17),"Mon, Jan. 23, 11:30 PM",https://seekingalpha.com/article/4038852-fan-fitbit-cramers-lightning-round-1-23-17
Take-Two Interactive Is A Buy - Cramer's Lightning Round (1/20/17),"Mon, Jan. 23, 6:47 AM",https://seekingalpha.com/article/4038578-take-two-interactive-buy-cramers-lightning-round-1-20-17
Buy PepsiCo At $99 - Cramer's Lightning Round (1/19/17),"Fri, Jan. 20, 6:34 AM",https://seekingalpha.com/article/4038200-buy-pepsico-99-cramers-lightning-round-1-19-17
Harley-Davidson Is A Long-Term Buy - Cramer's Lightning Round (1/18/17),"Thu, Jan. 19, 6:51 AM",https://seekingalpha.com/article/4037838-harley-davidson-long-term-buy-cramers-lightning-round-1-18-17
Long Home Depot - Cramer's Lightning Round (1/17/17),"Wed, Jan. 18, 6:28 AM",https://seekingalpha.com/article/4037533-long-home-depot-cramers-lightning-round-1-17-17
Yahoo Is Done - Cramer's Lightning Round (1/13/17),"Mon, Jan. 16, 6:40 AM",https://seekingalpha.com/article/4037024-yahoo-done-cramers-lightning-round-1-13-17
Buy American Tower Under $100 - Cramer's Lightning Round (1/12/17),"Fri, Jan. 13, 7:23 AM",https://seekingalpha.com/article/4036587-buy-american-tower-100-cramers-lightning-round-1-12-17
Berkshire Hathaway B Shares Are Undervalued - Cramer's Lightning Round (1/11/17),"Thu, Jan. 12, 7:24 AM",https://seekingalpha.com/article/4036240-berkshire-hathaway-b-shares-undervalued-cramers-lightning-round-1-11-17
Don't Buy Deepwater Drilling Stocks - Cramer's Lightning Round (1/10/17),"Wed, Jan. 11, 6:58 AM",https://seekingalpha.com/article/4035867-buy-deepwater-drilling-stocks-cramers-lightning-round-1-10-17
Hormel Foods Is A Long-Term Buy - Cramer's Lightning Round (1/9/17),"Tue, Jan. 10, 7:30 AM",https://seekingalpha.com/article/4035494-hormel-foods-long-term-buy-cramers-lightning-round-1-9-17
Western Digital Will Hit $85 - Cramer's Lightning Round (1/6/17),"Mon, Jan. 9, 6:38 AM",https://seekingalpha.com/article/4035155-western-digital-will-hit-85-cramers-lightning-round-1-6-17
Vodafone Is A Buy - Cramer's Lightning Round (1/5/17),"Fri, Jan. 6, 6:27 AM",https://seekingalpha.com/article/4034728-vodafone-buy-cramers-lightning-round-1-5-17
AMD Can Go Higher - Cramer's Lightning Round (1/4/17),"Thu, Jan. 5, 6:33 AM",https://seekingalpha.com/article/4034451-amd-can-go-higher-cramers-lightning-round-1-4-17
Apple Should Buy Sirius XM - Cramer's Lightning Round (1/3/17),"Wed, Jan. 4, 6:16 AM",https://seekingalpha.com/article/4034153-apple-buy-sirius-xm-cramers-lightning-round-1-3-17
Gilead Sciences Has No Growth Left - Cramer's Lightning Round (12/22/16),"Dec. 23, 2016, 7:12 AM",https://seekingalpha.com/article/4032384-gilead-sciences-growth-left-cramers-lightning-round-12-22-16
Mattel Knows Its Customers - Cramer's Lightning Round (12/21/16),"Dec. 22, 2016, 6:32 AM",https://seekingalpha.com/article/4032114-mattel-knows-customers-cramers-lightning-round-12-21-16
Buy Johnson Controls - Cramer's Lightning Round (12/20/16),"Dec. 21, 2016, 6:59 AM",https://seekingalpha.com/article/4031893-buy-johnson-controls-cramers-lightning-round-12-20-16
Home Depot Is Taking Share From Competition - Cramer's Lightning Round (12/19/16),"Dec. 20, 2016, 6:02 AM",https://seekingalpha.com/article/4031609-home-depot-taking-share-competition-cramers-lightning-round-12-19-16
Arconic Has Room For Growth - Cramer's Lightning Round (12/16/16),"Dec. 19, 2016, 6:45 AM",https://seekingalpha.com/article/4031326-arconic-room-growth-cramers-lightning-round-12-16-16
United Rentals Is Expensive - Cramer's Lightning Round (12/15/16),"Dec. 16, 2016, 6:15 AM",https://seekingalpha.com/article/4030918-united-rentals-expensive-cramers-lightning-round-12-15-16
Market Needs More IPOs - Cramer's Lightning Round (12/14/16),"Dec. 15, 2016, 6:37 AM",https://seekingalpha.com/article/4030659-market-needs-ipos-cramers-lightning-round-12-14-16
Ford Or GM? Cramer's Lightning Round (12/12/16),"Dec. 13, 2016, 5:01 AM",https://seekingalpha.com/article/4030038-ford-gm-cramers-lightning-round-12-12-16
Still A Fan Of Wendy's - Cramer's Lightning Round (12/09/16),"Dec. 12, 2016, 2:11 AM",https://seekingalpha.com/article/4029612-still-fan-wendys-cramers-lightning-round-12-09-16
Higher For First Republic Bank? Cramer's Lightning Round (12/08/16),"Dec. 9, 2016, 5:50 AM",https://seekingalpha.com/article/4029337-higher-first-republic-bank-cramers-lightning-round-12-08-16
Chesapeake May Head Higher - Cramer's Lightning Round (12/07/16),"Dec. 8, 2016, 12:00 AM",https://seekingalpha.com/article/4028973-chesapeake-may-head-higher-cramers-lightning-round-12-07-16
Buy FedEx On Holiday Strength - Cramer's Lightning Round (12/06/16),"Dec. 6, 2016, 11:42 PM",https://seekingalpha.com/article/4028692-buy-fedex-holiday-strength-cramers-lightning-round-12-06-16
Wait On Twilio - Cramer's Lightning Round (12/05/16),"Dec. 6, 2016, 5:13 AM",https://seekingalpha.com/article/4028395-wait-twilio-cramers-lightning-round-12-05-16
Caution On Acacia - Cramer's Lightning Round (11/30/16),"Dec. 1, 2016, 3:21 AM",https://seekingalpha.com/article/4027446-caution-acacia-cramers-lightning-round-11-30-16
A Cold Shoulder For Cloud Peak - Cramer's Lightning Round (11/29/16),"Nov. 30, 2016, 4:24 AM",https://seekingalpha.com/article/4027131-cold-shoulder-cloud-peak-cramers-lightning-round-11-29-16
Cannot Go Wrong With BlackRock - Cramer's Lightning Round (11/28/16),"Nov. 29, 2016, 2:21 AM",https://seekingalpha.com/article/4026808-go-wrong-blackrock-cramers-lightning-round-11-28-16
Gilead Sciences Needs To Use Its Cash - Cramer's Lightning Round (11/22/16),"Nov. 23, 2016, 7:32 AM",https://seekingalpha.com/article/4025824-gilead-sciences-needs-use-cash-cramers-lightning-round-11-22-16
Chevron Is A Buy - Cramer's Lightning Round (11/21/16),"Nov. 22, 2016, 7:31 AM",https://seekingalpha.com/article/4025412-chevron-buy-cramers-lightning-round-11-21-16
Abbott Laboratories Is A Long-Term Buy - Cramer's Lightning Round (11/18/16),"Nov. 21, 2016, 6:37 AM",https://seekingalpha.com/article/4025088-abbott-laboratories-long-term-buy-cramers-lightning-round-11-18-16
Applied Materials Is A Buy - Cramer's Lightning Round (11/17/16),"Nov. 18, 2016, 7:20 AM",https://seekingalpha.com/article/4024530-applied-materials-buy-cramers-lightning-round-11-17-16
Buy Ulta Salon At $240 - Cramer's Lightning Round (11/16/16),"Nov. 17, 2016, 7:12 AM",https://seekingalpha.com/article/4024192-buy-ulta-salon-240-cramers-lightning-round-11-16-16
Buy Buffalo Wild Wings - Cramer's Lightning Round (11/15/16),"Nov. 16, 2016, 7:10 AM",https://seekingalpha.com/article/4023851-buy-buffalo-wild-wings-cramers-lightning-round-11-15-16
Be Wary Of Healthcare Stocks - Cramer's Lightning Round (11/14/16),"Nov. 15, 2016, 6:58 AM",https://seekingalpha.com/article/4023465-wary-healthcare-stocks-cramers-lightning-round-11-14-16
Book Profits On Chemours - Cramer's Lightning Round (11/11/16),"Nov. 14, 2016, 7:24 AM",https://seekingalpha.com/article/4023020-book-profits-chemours-cramers-lightning-round-11-11-16
Buy T-Mobile Stock - Cramer's Lightning Round (11/10/16),"Nov. 11, 2016, 7:27 AM",https://seekingalpha.com/article/4022430-buy-t-mobile-stock-cramers-lightning-round-11-10-16
Buy Berkshire Hathaway - Cramer's Lightning Round (11/9/16),"Nov. 10, 2016, 7:04 AM",https://seekingalpha.com/article/4021975-buy-berkshire-hathaway-cramers-lightning-round-11-9-16
Ollie's Bargain Outlet Is The Best Retailer - Cramer's Lightning Round (11/8/16),"Nov. 9, 2016, 6:50 AM",https://seekingalpha.com/article/4021448-ollies-bargain-outlet-best-retailer-cramers-lightning-round-11-8-16
First Solar Made A Bad Call - Cramer's Lightning Round (11/7/16),"Nov. 8, 2016, 6:17 AM",https://seekingalpha.com/article/4020962-first-solar-made-bad-call-cramers-lightning-round-11-7-16
