,bearish,bullish,date,title,enddate,yqdopen,yqdclose
0,"['COL', 'DVAX', 'CMI', 'CVX', 'OLED', 'AAPL', 'SLCA', 'SLB', 'INO', 'AKAM']",[],20170803,"Thumbs Up For One Speculative Stock, Thumbs Down For Another - Cramer's Lightning Round (8/2/17)",20180203,[],[]
1,['RDN'],"['ULTA', 'AB']",20170801,Ulta Beauty Is A Good Stock - Cramer's Lightning Round (7/31/17),20180201,[],[]
2,"['HSBC', 'JPM', 'RRD', 'KITE', 'PFE', 'ABT', 'TUP']","['APLE', 'FCX']",20170728,Freeport-McMoRan Has Bottomed At $12 - Cramer's Lightning Round (7/27/17),20180128,[],[]
3,"['UCTT', 'LRCX', 'AMAT', 'KLAC', 'FAST', 'HON', 'PTCT', 'ALDR', 'PETS', 'M', 'PVH', 'CUTR', 'AGN']","['KMX', 'AES', 'VRX', 'HTZ']",20170726,Valeant Can Go To $20 - Cramer's Lightning Round (7/25/17),20180126,[],[]
4,"['CVNA', 'KMX', 'MNK']","['QCOM', 'AAPL', 'IONS', 'NXPI', 'XRX', 'K', 'MAR']",20170725,Qualcomm Should Pay More For NXP Semiconductors - Cramer's Lightning Round (7/24/17),20180125,[],[]
5,"['ENR', 'PG', 'CAKE', 'DRI', 'ESV', 'TRTN']","['UNP', 'ADBE', 'SNDR']",20170721,BlackBerry Is Correctly Priced - Cramer's Lightning Round (7/20/17),20180121,[],[]
6,"['GME', 'EA', 'ATVI', 'TTWO', 'AMPH', 'REGN', 'CBU', 'PNC', 'NBR', 'MZOR', 'FRTA', 'NUE']","['PFE', 'CY']",20170720,Cypress Semiconductor Will Go To $17 - Cramer's Lightning Round (7/19/17),20180120,[],[]
7,['SIG'],"['SUPN', 'APO', 'CHGG', 'MCK', 'UPS']",20170719,Chegg Is Not Done Going Up - Cramer's Lightning Round (7/18/17),20180119,[],[]
8,['EXEL'],"['DATA', 'LYG', 'MGM', 'NWL', 'CCL', 'GRPN', 'EZU']",20170718,Tableau Software Is On Fire - Cramer's Lightning Round (7/17/17),20180118,[],[]
9,"['KMI', 'MMP']","['ARNA', 'XLNX', 'BMO', 'MO', 'WGO', 'INFO', 'SRE']",20170714,Bank Of Montreal Is A Good Conservative Bank - Cramer's Lightning Round (7/13/17),20180114,[],[]
10,"['AKS', 'NUE', 'ESRX']","['NVDA', 'SBUX', 'ATNX', 'STM']",20170713,Hold On To Starbucks - Cramer's Lightning Round (7/12/17),20180113,[],[]
11,"['FTR', 'SPH', 'STNG']","['DIS', 'ALXN', 'INCY']",20170712,Disney Is A Long-Term Buy - Cramer's Lightning Round (7/11/17),20180112,[],[]
12,"['MAT', 'HAS', 'MZOR', 'CARA']","['GOOS', 'RTN']",20170711,Raytheon Has A Lot Of Upside - Cramer's Lightning Round (7/10/17),20180111,[],[]
13,"['ON', 'AVGO', 'GNC', 'UA', 'NKE', 'ORLY', 'AMZN']","['GD', 'PETS', 'NVCR', 'PTLA', 'AVAV', 'IDXX', 'NEE']",20170710,NovoCure Is A Buy - Cramer's Lightning Round (7/7/17),20180110,[],[]
14,"['HAL', 'SJM', 'CBI']","['PEP', 'IIVI', 'T']",20170707,PepsiCo Is A Buy - Cramer's Lightning Round (7/6/17),20180107,[],[]
15,"['LOW', 'HD', 'EXEL']","['PH', 'SNV']",20170706,Parker-Hannifin Can Reach $200 - Cramer's Lightning Round (7/5/17),20180106,[],[]
16,"['AAOI', 'AVGO', 'MOS', 'AGCO', 'FPI', 'FEYE', 'PFPT', 'BGS', 'MDLZ']","['NTNX', 'ULTA', 'KEY', 'RAI']",20170626,Nutanix Is Undervalued - Cramer's Lightning Round (6/23/17),20171226,[],[]
17,"['X', 'NUE', 'CRC', 'VRX']","['ABBV', 'AVID', 'INCY', 'MAT', 'C', 'ALXN', 'ZTS', 'HAS', 'NYCB', 'IDXX']",20170623,Buy Hasbro At $110 - Cramer's Lightning Round (6/22/17),20171223,[],[]
18,"['SFS', 'AMZN', 'SEMG']","['AKS', 'CARA', 'NUE']",20170621,Smart & Final Cannot Compete With Amazon - Cramer's Lightning Round (6/20/17),20171221,[],[]
19,"['MRO', 'MPC']","['HOME', 'GOOS', 'T', 'UCTT']",20170620,AT&T Has Growth And Dividend - Cramer's Lightning Round (6/19/17),20171220,[],[]
20,['SWIR'],"['SGYP', 'BX', 'CMCSA', 'CMG']",20170619,Chipotle Is A Buy - Cramer's Lightning Round (6/16/17),20171219,[],[]
21,"['KORS', 'GT', 'CEQP', 'RIG', 'DDD', 'HPQ', 'FDX', 'MU', 'WDC', 'TOSBF']","['VMW', 'P', 'CLDR', 'XPO', 'SIRI']",20170616,Michael Kors Is A Loser - Cramer's Lightning Round (6/15/17),20171216,[],[]
22,"['XYL', 'PNR', 'MELI']","['DPZ', 'QCOM', 'INCY', 'NXPI', 'HFC']",20170614,Don't Sell Domino's - Cramer's Lightning Round (6/13/17),20171214,[],[]
23,['CC'],"['MGP', 'SCHW', 'ESNT', 'CARA']",20170613,Charles Schwab Will Go Up With Higher Interest Rates - Cramer's Lightning Round (6/12/17),20171213,[],[]
24,"['MZOR', 'TSE', 'AXTA', 'IGT']","['DIS', 'TIF', 'NDAQ', 'SKX']",20170612,Skechers Is Inexpensive - Cramer's Lightning Round (6/9/17),20171212,[],[]
25,['NOK'],"['GD', 'ADI', 'STZ', 'DAR', 'TAP', 'HII', 'BUD', 'VVV']",20170609,The Move In BlackBerry Is Done - Cramer's Lightning Round (6/8/17),20171209,[],[]
26,"['XRX', 'HUN']","['ABT', 'XLNX', 'ALR']",20170608,Xerox Has No Positive Catalysts - Cramer's Lightning Round (6/7/17),20171208,[],[]
27,"['TDOC', 'SRPT', 'NBR', 'PPC', 'TSN', 'ETP', 'WATT', 'PBYI']","['SHOP', 'SIRI']",20170607,Teladoc Is Heavily Shorted - Cramer's Lightning Round (6/6/17),20171207,[],[]
28,"['WIN', 'FANG', 'RDUS', 'GILD']","['CRL', 'AMD', 'MU']",20170605,Charles River Laboratories Is A Good Buy - Cramer's Lightning Round (6/2/17),20171205,[],[]
29,"['LITE', 'MOMO', 'BABA', 'MB', 'GWPH']","['AMAT', 'LRCX']",20170601,Yahoo Is Worth More In Parts - Cramer's Lightning Round (5/31/17),20171201,[],[]
30,"['KR', 'CBI', 'DDD', 'ARNC', 'CWH', 'DY']","['TWTR', 'SQ']",20170531,Square Has A Good Product - Cramer's Lightning Round (5/30/17),20171130,[],[]
31,"['IONS', 'GIII', 'PVH', 'CVI', 'VFC']","['TWLO', 'BRK.A', 'BRK.B', 'DOV']",20170526,Dover Is A Great American Company - Cramer's Lightning Round (5/25/17),20171126,[],[]
32,"['TEVA', 'TRIP', 'EXPE', 'LL', 'HD', 'CHRW', 'FDX']","['FL', 'CARA', 'NGG']",20170525,Foot Locker Has Upside - Cramer's Lightning Round (5/24/17),20171125,[],[]
33,['CYH'],"['GD', 'CG', 'LDOS', 'EBAY', 'SHOP', 'EXC']",20170524,Buy eBay - Cramer's Lightning Round (5/23/17),20171124,[],[]
34,"['FCX', 'NRZ', 'RRC', 'NTNX', 'CRM']","['SPLK', 'AZN', 'EXAS']",20170523,Don't Give Up On Splunk - Cramer's Lightning Round (5/22/17),20171123,[],[]
35,"['GILD', 'INCY', 'QRVO']",['SKT'],20170522,Gilead Should Buy Incyte - Cramer's Lightning Round (5/19/17),20171122,[],[]
36,"['ALXN', 'INCY', 'X', 'NUE']","['WBA', 'BDX', 'GIS', 'RAD', 'CBSH']",20170519,Walgreens Boots Alliance Is A Win-Win - Cramer's Lightning Round (5/18/17),20171119,[],[]
37,"['GILD', 'HCLP', 'TISI', 'XON']","['ARNC', 'BMY', 'FUN']",20170508,Gilead Sciences Is A Value Trap - Cramer's Lightning Round (5/5/17),20171108,[],[]
38,"['CC', 'GIS']","['SHOP', 'MO', 'RHT']",20170505,Hold On To Altria - Cramer's Lightning Round (5/4/17),20171105,[],[]
39,"['VLO', 'CCO']","['DRI', 'SWKS', 'SLB', 'AUPH']",20170503,"Patience With Schlumberger, Skyworks - Cramer's Lightning Round (5/2/17)",20171103,[],[]
40,"['AMGN', 'MITK', 'HPE']","['ALK', 'LUV', 'BRKS']",20170502,Alaska Air Is A Good Buy - Cramer's Lightning Round (5/1/17),20171102,[],[]
41,"['RDS.A', 'BOFI', 'JPM', 'WIFI', 'CMCSA', 'CRAY']","['HAL', 'A']",20170501,Go To Comcast - Cramer's Lightning Round (4/28/17),20171101,[],[]
42,"['X', 'NUE', 'DLTH', 'BMY', 'AKS', 'LKQ', 'SNA']","['AWK', 'AMT', 'CCI', 'HA', 'LUV']",20170428,Nucor Is The Best Steel Stock - Cramer's Lightning Round (4/27/17),20171028,[],[]
43,['ETP'],"['NI', 'REGN', 'SNY', 'BWLD', 'APO', 'MU', 'BX', 'WING']",20170427,Wingstop Over B-Dubs - Cramer's Lightning Round (4/26/17),20171027,[],[]
44,['MGA'],"['S', 'BAC', 'ILG', 'TMUS', 'WYN', 'SAGE', 'VAC']",20170426,Buy Bank Of America - Cramer's Lightning Round (4/25/17),20171026,[],[]
45,"['VRX', 'CHK', 'WFT']","['DAL', 'BRK.B', 'ALK', 'ABT', 'LUV', 'JBLU', 'AAL', 'CARA', 'UAL']",20170425,Southwest Airlines Is Favorite - Cramer's Lightning Round (4/24/2017),20171025,[],[]
46,"['TEVA', 'LNCE', 'FCX']","['EQM', 'CXW', 'ABBV', 'OCLR', 'BX']",20170424,Blackstone Is A Buy - Cramer's Lightning Round (4/21/2017),20171024,[],[]
47,"['GNC', 'CTL', 'IONS', 'TWTR']","['GD', 'LMT', 'NOC', 'RTN', 'ABB']",20170421,Wait For Twitter's Earnings - Cramer's Lightning Round (4/20/2017),20171021,[],[]
48,"['JBLU', 'LUV', 'ALK', 'DAL', 'NTNX', 'CSCO']","['MDLZ', 'ZYNE']",20170420,Don't Sell Mondelez International - Cramer's Lightning Round (4/19/2017),20171020,[],[]
49,"['AFSI', 'GIS']","['UBS', 'MOS', 'MTW']",20170414,It's Tough To Bet Against General Mills - Cramer's Lightning Round (4/13/2017),20171014,[],[]
50,['MYL'],"['AMN', 'SMG', 'SEMG', 'TSCO', 'CWH', 'AMCX']",20170413,Scotts Miracle-Gro Is Showing Strength - Cramer's Lightning Round (4/12/2017),20171013,[],[]
51,"['SWKS', 'AXGN', 'RIG', 'SAIC', 'NS']","['VLY', 'EXC']",20170412,Buy Skyworks Solutions After Analyst Downgrade - Cramer's Lightning Round (4/11/2017),20171012,[],[]
52,"['AMD', 'ESPR', 'BTU']","['BABA', 'COHR']",20170411,Alibaba Is Inexpensive Considering Its Growth Rate - Cramer's Lightning Round (4/10/2017),20171011,[],[]
53,"['VRX', 'TTC', 'HD']","['FRT', 'CRBP', 'VGR', 'ALDR']",20170410,Don't Bet Against Don Wood - Cramer's Lightning Round (4/7/2017),20171010,[],[]
54,"['SPH', 'UA']","['CX', 'TGTX', 'TWLO', 'HUBS']",20170407,Cramer Believes In Twilio - Cramer's Lightning Round (4/6/2017),20171007,[],[]
55,['EGLE'],"['VZ', 'BAC', 'GLD', 'ALKS', 'GOLD', 'NKTR']",20170404,Verizon Is A Buy - Cramer's Lightning Round (4/3/2017),20171004,[],[]
56,"['AN', 'KMX', 'CTL', 'VZ']",['BRK.B'],20170403,Berkshire Hathaway Going Down Is An Opportunity To Buy - Cramer's Lightning Round (3/31/2017),20171003,[],[]
57,"['PB', 'CFR', 'CRBP']","['ORI', 'AMD', 'AMGN', 'NXPI']",20170331,NXP Semiconductors Should Go Higher - Cramer's Lightning Round (3/30/2017),20170930,[],[]
58,['GOGL'],"['CC', 'NBL', 'HIMX', 'ZTS', 'AA', 'CELG', 'SLB', 'CY']",20170330,Schlumberger Is A Buy - Cramer's Lightning Round (3/29/2017),20170930,[],[]
59,"['PFE', 'BMY']","['XON', 'ARNC', 'RTN']",20170329,Raytheon Is A Buy - Cramer's Lightning Round (3/28/2017),20170929,[],[]
60,"['HSBC', 'VRAY', 'CLF']","['GOOS', 'MASI', 'NUE', 'SMG', 'STLD']",20170328,Nucor Is The Steel Company To Buy - Cramer's Lightning Round (3/27/17),20170928,[],[]
61,"['TEVA', 'EEP']","['MAR', 'SIRI', 'KTOS']",20170327,Enbridge Energy Partners' Yield Is A Red Flag - Cramer's Lightning Round (3/24/17),20170927,[],[]
62,"['F', 'OPK']","['RRD', 'STZ', 'MO', 'CIM', 'PM', 'CY']",20170324,It's Tough To Own Ford - Cramer's Lightning Round (3/23/17),20170924,[],[]
63,"['TWX', 'T']","['FLEX', 'HSY']",20170323,Hershey Will Go Higher - Cramer's Lightning Round (3/22/17),20170923,[],[]
64,"['TGT', 'GILD', 'NVO', 'LLY', 'AUPH', 'NOK', 'CTXS', 'CYH', 'UNH']","['DAL', 'STM', 'VOYA', 'CUDA', 'TELL']",20170320,Delta Air Lines Is Cheap - Cramer's Lightning Round (3/17/17),20170920,[],[]
65,"['SPH', 'INFN', 'FNSR', 'HCLP']","['GOV', 'GE', 'WFC', 'NOV']",20170317,Wells Fargo Is A Buy - Cramer's Lightning Round (3/16/17),20170917,[],[]
66,"['CRTO', 'KORS', 'CCJ', 'DATA', 'AAOI', 'FNSR', 'CBI']","['AMAT', 'AOBC', 'KLAC', 'LRCX']",20170316,Don't Buy Tableau Software - Cramer's Lightning Round (3/15/17),20170916,[],[]
67,"['JEC', 'SGEN']","['SYY', 'CHKP', 'CYBR', 'CSCO']",20170315,Seattle Genetics Is Too High To Be Bought - Cramer's Lightning Round (3/14/17),20170915,[],[]
68,"['XOM', 'IONS', 'BETR']","['ABT', 'SONC', 'SWKS', 'ABBV']",20170314,AbbVie And Abbott Are Good Stocks - Cramer's Lightning Round (3/13/17),20170914,[],[]
69,"['RAD', 'WBA', 'GWPH', 'QIWI']","['BURL', 'TJX', 'ROST']",20170313,Rite Aid Might Go Lower Than $4 - Cramer's Lightning Round (3/10/17),20170913,[],[]
70,"['M', 'NLY', 'SWIR']","['ANET', 'CWH', 'MRVL', 'AAOI']",20170310,Don't Buy Macy's - Cramer's Lightning Round (3/9/17),20170910,[],[]
71,"['NVDA', 'RAI', 'MO', 'PM']","['MU', 'ICE']",20170309,Hot Money Has To Get Out Of Nvidia - Cramer's Lightning Round (3/8/17),20170909,[],[]
72,"['CHK', 'EXAS', 'FRAC', 'SSYS']","['MMP', 'THS', 'TGTX', 'ARNC', 'KMI']",20170308,TreeHouse Foods Is A Good Buy - Cramer's Lightning Round (3/7/17),20170908,[],[]
73,"['CAB', 'WRD']","['ROP', 'T']",20170307,AT&T Is A Buy - Cramer's Lightning Round (3/6/17),20170907,[],[]
74,"['CBI', 'MTZ', 'EME', 'MBLY', 'HZNP', 'BA']",['AMD'],20170306,Buy AMD At $12.25 - Cramer's Lightning Round (3/3/17),20170906,[],[]
75,"['PRU', 'CB', 'ZTO', 'XPO', 'FDX']","['NDSN', 'GSK', 'ASX']",20170303,Don't Buy ZTO Express - Cramer's Lightning Round (3/2/17),20170903,[],[]
76,"['OPK', 'FEYE', 'CSCO']","['KBR', 'TTC']",20170302,Buy Cisco Instead Of FireEye - Cramer's Lightning Round (3/1/17),20170902,[],[]
77,"['SWN', 'OXY', 'RIG', 'SLB', 'NCLH', 'CCL', 'CDE', 'GOLD', 'TOO', 'FGP', 'OLN']","['NTAP', 'PENN']",20170301,NetApp Can Go Higher - Cramer's Lightning Round (2/28/17),20170901,[],[]
78,"['FSLR', 'WB', 'SLCA', 'QCOM', 'NXPI', 'ARRY', 'CELG', 'ESPR']","['PYPL', 'CHRW', 'TXN']",20170228,Texas Instruments Is Inexpensive - Cramer's Lightning Round (2/27/17),20170828,[],[]
79,['SUN'],"['CSCO', 'ED', 'PANW', 'SKT']",20170227,Cisco Is A Strong Play In Cybersecurity - Cramer's Lightning Round (2/24/17),20170827,[],[]
80,"['AGX', 'GTN', 'NXST', 'K', 'THS', 'BBY', 'EXAS', 'TAST', 'SNCR']","['VZ', 'BOX', 'TMUS']",20170224,Don't Buy Kellogg - Cramer's Lightning Round (2/23/17),20170824,[],[]
81,"['HBAN', 'KEY', 'EXEL', 'SAM', 'GILD']","['AMD', 'WDC', 'MET', 'INCY', 'SWKS', 'HCA', 'MU', 'FCX']",20170223,Incyte Is Undervalued - Cramer's Lightning Round (2/22/17),20170823,[],[]
82,"['HLF', 'RAD', 'WBA', 'ABX', 'GOLD', 'BUD', 'STZ', 'GEO']","['AGCO', 'MMP', 'PFG', 'POT', 'MOS', 'MU', 'SHLX']",20170217,Micron Technology Is A Cheap Stock - Cramer's Lightning Round (2/16/17),20170817,[],[]
83,"['EMES', 'SLB', 'SSW']","['ACN', 'NVDA', 'HSY', 'INO', 'CQP']",20170216,Hershey Is A Long-Term Buy - Cramer's Lightning Round (2/15/17),20170816,[],[]
84,['NOK'],"['ENB', 'CBG', 'NUE', 'AKS', 'AQN']",20170215,Buy Nucor - Cramer's Lightning Round (2/14/17),20170815,[],[]
85,"['UBNT', 'LGF.A', 'DUK', 'MCY', 'TRV', 'ALL', 'IMMU', 'CELG', 'SUN']","['PCLN', 'CHK', 'ZLTQ', 'SLB']",20170214,Buy Schlumberger At $81 - Cramer's Lightning Round (2/13/17),20170814,[],[]
86,"['ARNC', 'HIMX']","['X', 'BMY', 'OLED']",20170213,United States Steel Is Ready To Run - Cramer's Lightning Round (2/10/17),20170813,[],[]
87,"['ADM', 'AGCO', 'KNOP', 'NAK']","['SAIC', 'THO', 'REVG', 'ACC', 'SHOP']",20170210,Dow Chemical Is Inexpensive - Cramer's Lightning Round (2/9/17),20170810,[],[]
88,"['ELY', 'AUO', 'CSCO', 'PFE', 'AGN']","['PLAY', 'PNRA', 'MIC', 'BLK']",20170209,BlackRock Keeps Making Money For Investors - Cramer's Lightning Round (2/8/17),20170809,[],[]
89,"['ESRX', 'UNH']","['NYCB', 'AMGN', 'FI', 'MB', 'SAN', 'BCS']",20170208,Buy Amgen On Weakness - Cramer's Lightning Round (2/7/17),20170808,[],[]
90,"['AKS', 'NUE', 'X', 'RAD', 'WBA', 'GLW', 'AAPL']","['AAL', 'EXEL', 'BOX']",20170207,Don't Buy Rite Aid - Cramer's Lightning Round (2/6/17),20170807,[],[]
91,"['EMR', 'ITW', 'NGD', 'GOLD', 'CLF']","['CRZO', 'MEI', 'KTOS']",20170206,Book Profits On Cliffs Natural Resources - Cramer's Lightning Round (2/3/17),20170806,[],[]
92,['CRC'],"['TWI', 'D', 'XLNX']",20170203,Dominion Resources Is A Buy - Cramer's Lightning Round (2/2/17),20170803,[],[]
93,"['FEYE', 'CHKP', 'CYBR', 'CARA']","['SN', 'ACM']",20170202,Sanchez Energy Is A Buy - Cramer's Lightning Round (2/1/17),20170802,[],[]
94,"['MOH', 'UNH', 'FMX']","['RCL', 'CCL', 'TECK']",20170201,Buy UnitedHealthcare - Cramer's Lightning Round (1/31/17),20170801,[],[]
95,"['X', 'NUE']","['WY', 'AGCO', 'POT', 'MOS', 'AGU', 'CSCO']",20170131,Cisco Is A Buy - Cramer's Lightning Round (1/30/17),20170731,[],[]
96,"['ABG', 'AAP', 'TEVA', 'STM', 'MU']","['AGN', 'GLOP']",20170130,Allergan Is A Cheap Stock - Cramer's Lightning Round (1/27/17),20170730,[],[]
97,"['BP', 'CVX', 'ABC']","['PI', 'MTW', 'COHR']",20170127,AmerisourceBergen Is Not A Trump Stock - Cramer's Lightning Round (1/26/17),20170727,[],[]
98,"['FIT', 'DLNG']",['XLNX'],20170124,No Fan Of Fitbit - Cramer's Lightning Round (1/23/17),20170724,[],[]
99,['ARRY'],"['TTWO', 'ATVI']",20170123,Take-Two Interactive Is A Buy - Cramer's Lightning Round (1/20/17),20170723,[],[]
100,"['CVS', 'LNG', 'SN', 'SLB', 'APA', 'COT', 'KO', 'PEP']","['BAC', 'PNC', 'C', 'JPM', 'WFC']",20170120,Buy PepsiCo At $99 - Cramer's Lightning Round (1/19/17),20170720,[],[]
101,"['AKAO', 'CMRE', 'GILD', 'PSEC', 'PRGO']","['EPD', 'HOG', 'BBT', 'IDT']",20170119,Harley-Davidson Is A Long-Term Buy - Cramer's Lightning Round (1/18/17),20170719,[],[]
102,"['SDRL', 'HIIQ', 'EXEL']","['MPC', 'HUN', 'HD']",20170118,Long Home Depot - Cramer's Lightning Round (1/17/17),20170718,[],[]
103,"['SRPT', 'CTL', 'CXW', 'ETP', 'MMP']",['NXPI'],20170116,Yahoo Is Done - Cramer's Lightning Round (1/13/17),20170716,[],[]
104,"['VC', 'SAN', 'BCS', 'PLD', 'KMI']","['MAT', 'AMT', 'HAS']",20170113,Buy American Tower Under $100 - Cramer's Lightning Round (1/12/17),20170713,[],[]
105,"['WR', 'D', 'AEP', 'HYH']","['MDR', 'SAP', 'BRK.B', 'MTD', 'WEC', 'ACN', 'FCX']",20170112,Berkshire Hathaway B Shares Are Undervalued - Cramer's Lightning Round (1/11/17),20170712,[],[]
106,"['ESV', 'SLB', 'AA', 'ARNC', 'SWKS', 'AAPL', 'TEVA', 'WTW', 'KIM', 'AMZN', 'FRT', 'WOR', 'NUE', 'TWOU', 'USG', 'HD']",['CWH'],20170111,Don't Buy Deepwater Drilling Stocks - Cramer's Lightning Round (1/10/17),20170711,[],[]
107,"['BAS', 'SLB', 'CC', 'IONS']","['MMP', 'EQT', 'GWPH', 'HRL', 'STAG']",20170110,Hormel Foods Is A Long-Term Buy - Cramer's Lightning Round (1/9/17),20170710,[],[]
108,"['FGP', 'O', 'SGYP', 'CAR', 'HUBS', 'CRM']","['TWLO', 'ADNT', 'WDC', 'T']",20170109,Western Digital Will Hit $85 - Cramer's Lightning Round (1/6/17),20170709,[],[]
109,"['SLCA', 'SLB']","['ARNC', 'VOD', 'ASIX', 'ECA']",20170106,Vodafone Is A Buy - Cramer's Lightning Round (1/5/17),20170706,[],[]
110,['CCI'],"['AMD', 'COST', 'MRK', 'SON', 'KMB']",20170105,AMD Can Go Higher - Cramer's Lightning Round (1/4/17),20170705,[],[]
111,"['SFM', 'BWLD']","['MDT', 'AAPL', 'CG', 'TXMD', 'SIRI']",20170104,Apple Should Buy Sirius XM - Cramer's Lightning Round (1/3/17),20170704,[],[]
112,"['GILD', 'CERN', 'UNH', 'CX', 'USCR', 'CXW']","['SWN', 'ASH', 'AGN', 'BLUE', 'GSK']",20161223,Gilead Sciences Has No Growth Left - Cramer's Lightning Round (12/22/16),20170623,[],[]
113,"['AKS', 'NUE', 'CST', 'MPC', 'SNH', 'FRT', 'RIO', 'FCX']","['EOG', 'MAT', 'WR']",20161222,Mattel Knows Its Customers - Cramer's Lightning Round (12/21/16),20170622,[],[]
114,"['BIIB', 'GPRE', 'FGP']",['JCI'],20161221,Buy Johnson Controls - Cramer's Lightning Round (12/20/16),20170621,[],[]
115,"['WEC', 'AEP']","['HD', 'MAS', 'VMI']",20161220,Home Depot Is Taking Share From Competition - Cramer's Lightning Round (12/19/16),20170620,[],[]
116,"['VIAB', 'CBS', 'NOK', 'URI']","['MOMO', 'BOBE', 'ALK', 'BMY', 'FNSR', 'HA', 'ABM']",20161216,United Rentals Is Expensive - Cramer's Lightning Round (12/15/16),20170616,[],[]
117,"['KMB', 'NVS', 'AGN', 'CC', 'GPOR', 'FANG']","['OPK', 'KKR']",20161215,Market Needs More IPOs - Cramer's Lightning Round (12/14/16),20170615,[],[]
118,"['GILD', 'CYBR', 'F', 'GM', 'POL', 'BANC', 'WYNN', 'MGM', 'RIG']",[],20161213,Ford Or GM? Cramer's Lightning Round (12/12/16),20170613,[],[]
119,"['WEN', 'MCD', 'PNRA', 'T', 'PAYX', 'PYPL', 'PBR', 'TRP', 'BP']",[],20161212,Still A Fan Of Wendy's - Cramer's Lightning Round (12/09/16),20170612,[],[]
120,"['ICE', 'FRC', 'PRU', 'HSY', 'BMY', 'DDD', 'GPN', 'FIS']",[],20161209,Higher For First Republic Bank? Cramer's Lightning Round (12/08/16),20170609,[],[]
121,"['CHK', 'STM', 'MRVL', 'CY', 'CHFC', 'ADI', 'AEO']",[],20161208,Chesapeake May Head Higher - Cramer's Lightning Round (12/07/16),20170608,[],[]
122,"['FDX', 'WDC', 'SSW', 'IIVI', 'HZNP', 'SBGL', 'GOLD']",[],20161207,Buy FedEx On Holiday Strength - Cramer's Lightning Round (12/06/16),20170607,[],[]
123,"['TWLO', 'HIMX', 'NVDA']","['EW', 'P']",20161206,Wait On Twilio - Cramer's Lightning Round (12/05/16),20170606,[],[]
124,"['XYL', 'OLN', 'CWH', 'IFF', 'ACIA', 'BWLD', 'GILD', 'CELG', 'UA', 'ESRX', 'WBA', 'DXCM']",[],20161201,Caution On Acacia - Cramer's Lightning Round (11/30/16),20170601,[],[]
125,"['ZBH', 'AMGN', 'KKR', 'TYC', 'CLD', 'PI', 'NVDA', 'LNT', 'AEP', 'INSY', 'VALE', 'OLED']",[],20161130,A Cold Shoulder For Cloud Peak - Cramer's Lightning Round (11/29/16),20170530,[],[]
126,['PDCO'],"['HAL', 'BLK', 'CHK']",20161129,Cannot Go Wrong With BlackRock - Cramer's Lightning Round (11/28/16),20170529,[],[]
127,"['GILD', 'CRC', 'SLB', 'FTR', 'CEMP', 'W', 'PSA']","['WOR', 'APC', 'NUE', 'DVN']",20161123,Gilead Sciences Needs To Use Its Cash - Cramer's Lightning Round (11/22/16),20170523,[],[]
128,"['HCN', 'URI']","['GKOS', 'AEP', 'CVX', 'WEN']",20161122,Chevron Is A Buy - Cramer's Lightning Round (11/21/16),20170522,[],[]
129,"['HW', 'HD', 'ES', 'WNR', 'HZNP']","['ABT', 'DY', 'HHC']",20161121,Abbott Laboratories Is A Long-Term Buy - Cramer's Lightning Round (11/18/16),20170521,[],[]
130,"['WFT', 'SLB']","['AMAT', 'MUR', 'STM']",20161118,Applied Materials Is A Buy - Cramer's Lightning Round (11/17/16),20170518,[],[]
131,"['HIMX', 'AVGO', 'HSKA', 'IDXX', 'NOK', 'QIWI', 'V', 'WU']","['BAC', 'CHD', 'NWL', 'ULTA', 'MS']",20161117,Buy Ulta Salon At $240 - Cramer's Lightning Round (11/16/16),20170517,[],[]
132,"['SPKE', 'CVX', 'NLY']","['TEP', 'BWLD', 'ZOES']",20161116,Buy Buffalo Wild Wings - Cramer's Lightning Round (11/15/16),20170516,[],[]
133,['AMSG'],"['AMT', 'EPD', 'ARW', 'TECD', 'DNKN', 'KR']",20161115,Be Wary Of Healthcare Stocks - Cramer's Lightning Round (11/14/16),20170515,[],[]
134,"['CC', 'AYI', 'ISRG', 'FEYE']","['ARIA', 'SUPN', 'GE', 'SYF']",20161114,Book Profits On Chemours - Cramer's Lightning Round (11/11/16),20170514,[],[]
135,"['WTW', 'TSLA', 'F', 'BP', 'RRC', 'EPD', 'ETP', 'CWEI', 'ETN', 'TGT', 'AMZN', 'NVS', 'MRK']",['TMUS'],20161111,Buy T-Mobile Stock - Cramer's Lightning Round (11/10/16),20170511,[],[]
136,"['EXR', 'HCP']",['BRK.B'],20161110,Buy Berkshire Hathaway - Cramer's Lightning Round (11/9/16),20170510,[],[]
137,"['KITE', 'AMBA', 'AVGO', 'USFD', 'SYY', 'RDC', 'HAL', 'SLB']","['FDX', 'GILD', 'SIX', 'WMT', 'CY', 'OLLI']",20161109,Ollie's Bargain Outlet Is The Best Retailer - Cramer's Lightning Round (11/8/16),20170509,[],[]
138,"['FSLR', 'CFMS']",['HDP'],20161108,First Solar Made A Bad Call - Cramer's Lightning Round (11/7/16),20170508,[],[]
139,"['MRO', 'EOG']","['TECD', 'WDC']",20161107,Western Digital Stock Is Cheap - Cramer's Lightning Round (11/4/16),20170507,[],[]
140,"['ZTO', 'SCHW', 'KRA', 'GIMO']","['UVE', 'VOD', 'AIG', 'EW', 'HRL', 'ALL']",20161104,Buy Edwards Lifesciences For The Long Term - Cramer's Lightning Round (11/3/16),20170504,[],[]
141,"['JCP', 'GWPH', 'CEMP', 'OTEX', 'NSU']",[],20161103,Time To Consider J.C. Penney? - Cramer's Lightning Round (11/02/16),20170503,[],[]
142,"['HDS', 'REGN', 'BABA']","['CR', 'WM', 'TSEM']",20161102,HD Supply In The Penalty Box - Cramer's Lightning Round (11/01/16),20170502,[],[]
143,"['AMGN', 'HRB', 'SPWR', 'GNC', 'CLVS', 'MRK', 'RAI', 'TWLO']","['ATVI', 'HPQ', 'NTNX', 'CELG', 'RPM']",20161101,Don't Buy Amgen Until After The Election - Cramer's Lightning Round (10/31/16),20170501,[],[]
144,"['NAT', 'CRBP', 'DBD']","['JNPR', 'BSX', 'ANIK', 'GILD', 'BX']",20161031,Smith & Wesson Is A Value Stock - Cramer's Lightning Round (10/28/16),20170430,[],[]
145,"['ZOES', 'PI', 'FEYE', 'PFPT', 'SHOP', 'ON', 'NVDA', 'PAY']",[],20161028,Give Zoe's Kitchen A Year - Cramer's Lightning Round (10/27/16),20170428,[],[]
146,"['DLTR', 'TJX', 'ADS', 'FRO']","['PFE', 'OI', 'KBH']",20161027,Patience With KB Home - Cramer's Lightning Round (10/26/16),20170427,[],[]
147,"['BMY', 'KKR', 'RIG', 'HAL', 'INSY', 'SRPT']","['SMG', 'YUM', 'STZ', 'MNST']",20161026,Yum Brands' Split Will Unlock Value - Cramer's Lightning Round (10/25/16),20170426,[],[]
148,"['TDOC', 'ETE', 'MMP', 'EPD', 'HFC', 'ETP', 'SSYS', 'HPQ']","['MGM', 'DIS', 'IDXX', 'AA']",20161025,Disney Is A Long-Term Buy - Cramer's Lightning Round (10/24/16),20170425,[],[]
149,"['EXC', 'ISRG', 'CG', 'STNG', 'NAT', 'JBLU', 'LUV', 'UAL', 'ASNA', 'OPHT', 'ARIA']",[],20161021,'Exelon Is For Me' - Cramer's Lightning Round (10/20/16),20170421,[],[]
150,"['TMO', 'HRB', 'INTU']","['VVC', 'VSAT', 'ASIX']",20161020,Let Thermo Fisher Scientific Come Down Before Buying - Cramer's Lightning Round (10/19/16),20170420,[],[]
151,"['SPWR', 'ARRS', 'TWLO', 'CSCO', 'NAT']","['PFE', 'CHTR', 'CVS', 'CLVS', 'TECD', 'ICE']",20161019,Buy CVS Health - Cramer's Lightning Round (10/18/16),20170419,[],[]
152,"['PBR', 'BMY', 'CIT', 'C', 'CHK', 'SLB']","['RDUS', 'V', 'SYF', 'PG']",20161018,Buy Procter & Gamble At $84-85 - Cramer's Lightning Round (10/17/16),20170418,[],[]
153,"['DGX', 'PBF', 'TTD']","['AMD', 'CERN', 'ORI', 'STM']",20161017,Don't Buy The Trade Desk - Cramer's Lightning Round (10/14/16),20170417,[],[]
154,['TPIC'],"['OPK', 'RDUS', 'ARIA', 'KMI']",20161014,Ariad Pharmaceuticals Is A Speculative Buy - Cramer's Lightning Round (10/13/16),20170414,[],[]
155,"['CAB', 'OSG', 'DDR', 'WDR', 'FTNT']",['BABA'],20161012,Crude Delivery Business Is In Pain - Cramer's Lightning Round (10/11/16),20170412,[],[]
156,"['HCN', 'VTR', 'CHK', 'SLB', 'CBI']","['MXL', 'RYAM']",20161010,Buy Schlumberger - Cramer's Lightning Round (10/7/16),20170410,[],[]
157,"['PEIX', 'MDXG']","['GOLD', 'ED', 'HIG', 'T']",20161007,A Fan Of AMN Healthcare - Cramer's Lightning Round (10/6/16),20170407,[],[]
158,['DBD'],"['GLOG', 'MGM', 'HON']",20161006,Bullish On Natural Gas - Cramer's Lightning Round (10/5/16),20170406,[],[]
159,"['LOCK', 'MA', 'V', 'CVI', 'XRX', 'WWAV', 'TXRH', 'ANF', 'URBN', 'LB', 'CNC', 'UNH']","['AWK', 'CVS', 'KR']",20161005,Book Profits On WhiteWave Foods - Cramer's Lightning Round (10/4/16),20170405,[],[]
160,['SRPT'],"['FLEX', 'ETN', 'HD', 'BRKS']",20161003,Eaton Is Headed Higher - Cramer's Lightning Round (9/30/16),20170403,[],[]
161,"['CBI', 'OA', 'CNX', 'SODA', 'CTL', 'T', 'VZ']","['CECE', 'WM']",20160930,Don't Buy Chicago Bridge & Iron - Cramer's Lightning Round (9/29/16),20170330,[],[]
162,"['LITE', 'CSCO']","['AIR', 'SXC', 'ATRA']",20160929,Buy Cisco - Cramer's Lightning Round (9/28/16),20170329,[],[]
163,"['ESV', 'BK', 'NAT']","['IFF', 'DNKN', 'BERY', 'AMAT', 'IP']",20160927,Don't Buy Nordic American Tankers - Cramer's Lightning Round (9/26/16),20170327,[],[]
164,"['BZUN', 'BABA', 'GLD', 'GOLD']","['EPD', 'AMD', 'PI', 'BLUE']",20160926,AMD Is A Buy - Cramer's Lightning Round (9/23/16),20170326,[],[]
165,"['GNW', 'TRV']","['WY', 'TWLO', 'CLVS', 'AVGO']",20160922,Broadcom Is Heading Towards $200 - Cramer's Lightning Round (9/21/16),20170322,[],[]
166,"['CHK', 'APC', 'FCX', 'CLF']","['CMI', 'INTC', 'SWKS', 'AA', 'MU', 'NVDA', 'KR']",20160921,Alcoa's Split Is Good - Cramer's Lightning Round (9/20/16),20170321,[],[]
167,['TEVA'],"['NRG', 'CLX', 'TSCO', 'AKS', 'K']",20160920,Kellogg Has A Good Risk-Reward Ratio - Cramer's Lightning Round (9/19/16),20170320,[],[]
168,['VLO'],"['CLCD', 'BRK.B', 'NXPI']",20160919,Don't Go Against Warren Buffett - Cramer's Lightning Round (9/16/16),20170319,[],[]
169,"['BOFI', 'C', 'FEYE', 'SRPT', 'REN']","['MMP', 'EPD', 'ON', 'NXPI', 'XRX', 'SWKS', 'AA', 'KMI']",20160916,Own Xerox And Alcoa - Cramer's Lightning Round (9/15/16),20170316,[],[]
170,"['PAG', 'SRAQU']","['ELLI', 'TSS']",20160914,Ellie Mae Is A Great Story - Cramer's Lightning Round (9/13/16),20170314,[],[]
171,"['GWPH', 'PETX', 'IDXX']","['AMD', 'IP', 'VGR', 'ABBV']",20160913,AMD Is A Buy - Cramer's Lightning Round (9/12/16),20170313,[],[]
172,"['CAB', 'RYI', 'ACIA']","['BLK', 'DVAX', 'CY']",20160912,Retail's In A Tough Situation - Cramer's Lightning Round (9/9/16),20170312,[],[]
173,"['BCOV', 'SRPT', 'MRO', 'PXD', 'EOG', 'OXY']","['CLF', 'F']",20160909,Ford Is A Buy For The Yield - Cramer's Lightning Round (9/8/16),20170309,[],[]
174,"['CXW', 'SAGE']","['CMI', 'IBM', 'CAT', 'DIS', 'AVID', 'TECD']",20160908,Avid Technology Is A Buy - Cramer's Lightning Round (9/7/16),20170308,[],[]
175,"['LAZ', 'PSA', 'VTR', 'MGA']",['GE'],20160907,General Electric Is A Buy - Cramer's Lightning Round (9/6/16),20170307,[],[]
176,"['FE', 'AEP', 'D', 'JBLU', 'DAL', 'LUV']","['OXY', 'MGA', 'MO', 'ECA', 'JCP', 'ELLI']",20160902,Buy J.C. Penney At $10 - Cramer's Lightning Round (9/1/16),20170302,[],[]
177,"['INCY', 'LNG']","['YELP', 'POT', 'AGU', 'NVCR']",20160901,Potash's Merger With Agrium Is Good - Cramer's Lightning Round (8/31/16),20170301,[],[]
178,"['PYPL', 'CWEI', 'MKC', 'CHK', 'PXD', 'OXY', 'LMT', 'STON', 'PETX']","['APD', 'NVAX']",20160831,Sell PayPal At Higher Levels - Cramer's Lightning Round (8/30/16),20170228,[],[]
179,"['IPXL', 'TSLA']","['OPK', 'ANTM', 'CI']",20160830,OPKO Health Is A Buy At $9 - Cramer's Lightning Round (8/29/16),20170228,[],[]
180,"['CLVS', 'GILD', 'HZNP', 'GWR', 'KSU', 'UNP']","['OXY', 'CXO', 'CRZO', 'CYBR']",20160826,CyberArk Software Still Has Hope - Cramer's Lightning Round (8/25/16),20170226,[],[]
181,"['FSLR', 'RPD', 'SHAK', 'CMG']","['AVGO', 'GE', 'NXPI', 'EW', 'FIVE', 'MU', 'NVDA', 'VEEV']",20160825,Edwards Lifesciences Is A Buy - Cramer's Lightning Round (8/24/16),20170225,[],[]
182,"['X', 'NUE']","['AKRX', 'BOX']",20160824,Box Is Worth Speculating On - Cramer's Lightning Round (8/23/16),20170224,[],[]
183,"['JBLU', 'APLE', 'FRT', 'VTR', 'SGYP', 'AGN', 'GNC']",['XPO'],20160823,The Airline Group Is In Pain - Cramer's Lightning Round (8/22/16),20170223,[],[]
184,['OPK'],"['CPHD', 'ABBV']",20160804,Stick With AbbVie - Cramer's Lightning Round (8/3/16),20170204,[],[]
185,"['CY', 'FIVE', 'PKX', 'WDC', 'INTC']",[],20160803,Cypress Is A Keeper - Cramer's Lightning Round (8/2/16),20170203,[],[]
186,"['WTW', 'SYK', 'ZBH', 'ABX', 'GOLD', 'AL', 'UTX']","['AWK', 'GWPH']",20160729,Weight Watchers Business Model Is Not Good - Cramer's Lightning Round (7/28/16),20170129,[],[]
187,"['HD', 'LOW', 'AMC', 'AKS', 'JCI', 'FDX', 'UPS', 'CNI', 'BRS', 'LMT']",[],20160728,Home Depot Or Lowe's? Cramer's Lightning Round (7/27/16),20170128,[],[]
188,"['LTC', 'VTR', 'PSTG', 'HPE', 'SKX', 'USB']","['CAT', 'FTR', 'MTW']",20160727,What Happened To Skechers? Cramer's Lightning Round (7/26/16),20170127,[],[]
189,"['CHK', 'WR', 'AEP']","['AMGN', 'WYNN', 'GILD', 'LVS', 'CELG', 'MXL', 'IT']",20160726,Amgen Is A Buy - Cramer's Lightning Round (7/25/16),20170126,[],[]
190,"['HE', 'ZNGA', 'TTWO', 'EA', 'ATVI']","['BC', 'LNCE', 'VAC']",20160722,Brunswick Is A Long-Term Buy - Cramer's Lightning Round (7/21/16),20170122,[],[]
191,"['SGYP', 'TEVA', 'MON']",['DLR'],20160721,Monsanto Is A Sell On Earnings - Cramer's Lightning Round (7/20/16),20170121,[],[]
192,"['ABMD', 'EW', 'HAR', 'JUNO', 'JNJ', 'BMY']",[],20160720,Abiomed Is Expensive - Cramer's Lightning Round (7/19/16),20170120,[],[]
193,"['STMP', 'TEVA', 'AGN']","['DHR', 'CBRL', 'SFL']",20160719,Danaher Is A Great Buy - Cramer's Lightning Round (7/18/16),20170119,[],[]
194,"['RAD', 'WBA', 'JD', 'SFL', 'NAT', 'PAA', 'HRB', 'INTU']","['TYC', 'VOD', 'JCI']",20160715,Walgreens-Rite Aid Deal Could Be In Trouble - Cramer's Lightning Round (7/14/16),20170115,"['28.924639', '39.041386']","['25.541180', '42.870724']"
195,"['COR', 'EQIX', 'TSRO']","['CCC', 'CRUS', 'RDUS', 'BX', 'KMI']",20160714,Kinder Morgan Might Be Back - Cramer's Lightning Round (7/13/16),20170114,"['13.699575', '40.470001', '39.000000', '22.927221', '20.283745']","['16.564627', '57.380001', '45.459999', '28.360500', '22.025368']"
